{
    "0": {
        "init_N": 0.33000001311302185,
        "init_S": 0.009999999776482582,
        "r": 0.03999999910593033,
        "beta": 0.10000000149011612,
        "alpha": 0.006000000052154064,
        "d": 1.0,
        "g": 0.1599999964237213,
        "c": 0.5,
        "init_k": 1.0
    }
}
