{
    "0": {
        "init_N": 0.5,
        "init_S": 0.009999999776482582,
        "r": 0.009999999776482582,
        "beta": 0.10000000149011612,
        "alpha": 0.05000000074505806,
        "d": 1.0,
        "g": 0.15000000596046448,
        "c": 0.5,
        "init_k": 1.0
    }
}
