{
    "0": {
        "init_N": 0.5,
        "init_S": 0.0,
        "r": 0.019999999552965164,
        "init_rho": 1.0,
        "beta": 0.0,
        "init_k": 1.0,
        "c": 3.0,
        "init_s": 10.0
    },
    "1": {
        "init_N": 0.5,
        "init_S": 0.0,
        "r": 0.019999999552965164,
        "init_rho": 1.0,
        "beta": 0.10000000149011612,
        "init_k": 1.0,
        "c": 3.0,
        "init_s": 10.0
    },
    "2": {
        "init_N": 0.5,
        "init_S": 0.0,
        "r": 0.019999999552965164,
        "init_rho": 1.0,
        "beta": 0.25,
        "init_k": 1.0,
        "c": 3.0,
        "init_s": 10.0
    },
    "3": {
        "init_N": 0.5,
        "init_S": 0.0,
        "r": 0.019999999552965164,
        "init_rho": 1.0,
        "beta": 0.4000000059604645,
        "init_k": 1.0,
        "c": 3.0,
        "init_s": 10.0
    }
}
